/*
SQLyog Ultimate v12.5.1 (32 bit)
MySQL - 10.1.38-MariaDB : Database - laravel_test
*********************************************************************
*/

/*!40101 SET NAMES utf8 */;

/*!40101 SET SQL_MODE=''*/;

/*!40014 SET @OLD_UNIQUE_CHECKS=@@UNIQUE_CHECKS, UNIQUE_CHECKS=0 */;
/*!40014 SET @OLD_FOREIGN_KEY_CHECKS=@@FOREIGN_KEY_CHECKS, FOREIGN_KEY_CHECKS=0 */;
/*!40101 SET @OLD_SQL_MODE=@@SQL_MODE, SQL_MODE='NO_AUTO_VALUE_ON_ZERO' */;
/*!40111 SET @OLD_SQL_NOTES=@@SQL_NOTES, SQL_NOTES=0 */;
CREATE DATABASE /*!32312 IF NOT EXISTS*/`laravel_test` /*!40100 DEFAULT CHARACTER SET latin1 */;

USE `laravel_test`;

/*Table structure for table `failed_jobs` */

DROP TABLE IF EXISTS `failed_jobs`;

CREATE TABLE `failed_jobs` (
  `id` bigint(20) unsigned NOT NULL AUTO_INCREMENT,
  `uuid` varchar(191) COLLATE utf8mb4_unicode_ci NOT NULL,
  `connection` text COLLATE utf8mb4_unicode_ci NOT NULL,
  `queue` text COLLATE utf8mb4_unicode_ci NOT NULL,
  `payload` longtext COLLATE utf8mb4_unicode_ci NOT NULL,
  `exception` longtext COLLATE utf8mb4_unicode_ci NOT NULL,
  `failed_at` timestamp NOT NULL DEFAULT CURRENT_TIMESTAMP,
  PRIMARY KEY (`id`),
  UNIQUE KEY `failed_jobs_uuid_unique` (`uuid`)
) ENGINE=InnoDB DEFAULT CHARSET=utf8mb4 COLLATE=utf8mb4_unicode_ci;

/*Data for the table `failed_jobs` */

/*Table structure for table `master_ktps` */

DROP TABLE IF EXISTS `master_ktps`;

CREATE TABLE `master_ktps` (
  `id` bigint(20) unsigned NOT NULL AUTO_INCREMENT,
  `no_ktp` bigint(20) NOT NULL,
  `nama` varchar(191) COLLATE utf8mb4_unicode_ci NOT NULL,
  `tmp_lahir` varchar(191) COLLATE utf8mb4_unicode_ci NOT NULL,
  `tgl_lahir` date DEFAULT NULL,
  `jns_kel` varchar(191) COLLATE utf8mb4_unicode_ci NOT NULL,
  `alamat` text COLLATE utf8mb4_unicode_ci NOT NULL,
  `kab_kota` int(11) NOT NULL,
  `prov` int(11) NOT NULL,
  `agama` varchar(191) COLLATE utf8mb4_unicode_ci NOT NULL,
  `status` varchar(191) COLLATE utf8mb4_unicode_ci NOT NULL,
  `pekerjaan` varchar(191) COLLATE utf8mb4_unicode_ci NOT NULL,
  `warga` varchar(191) COLLATE utf8mb4_unicode_ci NOT NULL,
  `created_at` timestamp NULL DEFAULT NULL,
  `updated_at` timestamp NULL DEFAULT NULL,
  `created_by` int(11) NOT NULL,
  `updated_by` int(11) DEFAULT NULL,
  `deleted_by` int(11) DEFAULT NULL,
  `deleted_at` timestamp NULL DEFAULT NULL,
  PRIMARY KEY (`id`),
  UNIQUE KEY `master_ktps_no_ktp_unique` (`no_ktp`)
) ENGINE=InnoDB AUTO_INCREMENT=18 DEFAULT CHARSET=utf8mb4 COLLATE=utf8mb4_unicode_ci;

/*Data for the table `master_ktps` */

/*Table structure for table `migrations` */

DROP TABLE IF EXISTS `migrations`;

CREATE TABLE `migrations` (
  `id` int(10) unsigned NOT NULL AUTO_INCREMENT,
  `migration` varchar(191) COLLATE utf8mb4_unicode_ci NOT NULL,
  `batch` int(11) NOT NULL,
  PRIMARY KEY (`id`)
) ENGINE=InnoDB AUTO_INCREMENT=15 DEFAULT CHARSET=utf8mb4 COLLATE=utf8mb4_unicode_ci;

/*Data for the table `migrations` */

insert  into `migrations`(`id`,`migration`,`batch`) values 
(1,'2014_10_12_000000_create_users_table',1),
(2,'2014_10_12_100000_create_password_resets_table',1),
(3,'2019_08_19_000000_create_failed_jobs_table',1),
(4,'2014_10_12_200000_add_two_factor_columns_to_users_table',2),
(5,'2019_12_14_000001_create_personal_access_tokens_table',2),
(6,'2020_12_28_152356_create_sessions_table',2),
(7,'2020_12_29_041631_create_master_ktps_table',3),
(8,'2020_12_29_045729_create_master_ktps_table',4),
(9,'2020_12_29_051612_create_master_ktps_table',5),
(10,'2020_12_29_054630_create_master_ktps_table',6),
(11,'2020_12_29_054730_create_master_ktps_table',7),
(12,'2020_12_29_060415_create_master_ktps_table',8),
(13,'2020_12_29_082729_create_ms_provinsis_table',9),
(14,'2020_12_29_083053_create_ms_kotas_table',10);

/*Table structure for table `ms_kota` */

DROP TABLE IF EXISTS `ms_kota`;

CREATE TABLE `ms_kota` (
  `id` int(11) NOT NULL,
  `provinsi_id` int(11) NOT NULL,
  `nama` varchar(150) NOT NULL,
  `ibu_kota` varchar(150) NOT NULL,
  `singkatan_kota` varchar(100) NOT NULL,
  `is_active` int(11) NOT NULL,
  `created_by` int(11) NOT NULL,
  `updated_by` int(11) DEFAULT NULL,
  `deleted_by` int(11) DEFAULT NULL,
  `created_at` timestamp NULL DEFAULT NULL,
  `updated_at` timestamp NULL DEFAULT NULL,
  `deleted_at` timestamp NULL DEFAULT NULL,
  PRIMARY KEY (`id`),
  KEY `provinsi_id` (`provinsi_id`)
) ENGINE=InnoDB DEFAULT CHARSET=latin1;

/*Data for the table `ms_kota` */

insert  into `ms_kota`(`id`,`provinsi_id`,`nama`,`ibu_kota`,`singkatan_kota`,`is_active`,`created_by`,`updated_by`,`deleted_by`,`created_at`,`updated_at`,`deleted_at`) values 
(14,14,'KAB. KUANTAN SANGINGI','Kuantan Singingi','KTS',0,0,NULL,NULL,NULL,NULL,NULL),
(1101,11,'KAB. ACEH SELATAN','Tapak Tuan','TTN',1,0,NULL,NULL,NULL,NULL,NULL),
(1102,11,'KAB. ACEH TENGGARA','Kutacane','KTN',1,0,NULL,NULL,NULL,NULL,NULL),
(1103,11,'KAB. ACEH TIMUR','Langsa','LGS',1,0,NULL,NULL,NULL,NULL,NULL),
(1104,11,'KAB. ACEH TENGAH','Takengon','TKN',1,0,NULL,NULL,NULL,NULL,NULL),
(1105,11,'KAB. ACEH BARAT','Meulaboh','MBO',1,0,NULL,NULL,NULL,NULL,NULL),
(1106,11,'KAB. ACEH BESAR','Jantho','JTH',1,0,NULL,NULL,NULL,NULL,NULL),
(1107,11,'KAB. PIDIE','Sigli','SGI',1,0,NULL,NULL,NULL,NULL,NULL),
(1108,11,'KAB. ACEH UTARA','Lhoksukon','LSK',1,0,NULL,NULL,NULL,NULL,NULL),
(1109,11,'KAB. SIMEULE','Sinabang','SNB',1,0,NULL,NULL,NULL,NULL,NULL),
(1110,11,'KAB. ACEH SINGKIL','Singkil','SKL',1,0,NULL,NULL,NULL,NULL,NULL),
(1111,11,'KAB. BIREUEN','Bireun','BIR',1,0,NULL,NULL,NULL,NULL,NULL),
(1112,11,'KAB. ACEH BARAT DAYA','Blangpidie','BPD',1,0,NULL,NULL,NULL,NULL,NULL),
(1113,11,'KAB. GAYOLUES','Blangkejeren','BKJ',1,0,NULL,NULL,NULL,NULL,NULL),
(1114,11,'KAB. ACEH JAYA','Calang','CAG',1,0,NULL,NULL,NULL,NULL,NULL),
(1115,11,'KAB. NAGAN RAYA','Suka Makmue','SKM',1,0,NULL,NULL,NULL,NULL,NULL),
(1116,11,'KAB. ACEH TAMIANG','Karang Baru','KRB',1,0,NULL,NULL,NULL,NULL,NULL),
(1117,11,'KAB. BENER MERIAH','Simpang Tiga Rede','STR',1,0,NULL,NULL,NULL,NULL,NULL),
(1118,11,'KAB. PIDIE JAYA','Meureundu','MRN',1,0,NULL,NULL,NULL,NULL,NULL),
(1171,11,'KOTA BANDA ACEH','Banda Aceh','BNA',1,0,NULL,NULL,NULL,NULL,NULL),
(1172,11,'KOTA SABANG','Sabang','SAB',1,0,NULL,NULL,NULL,NULL,NULL),
(1173,11,'KOTA LHOKSEUMAWE','Lhokseumawe','LSM',1,0,NULL,NULL,NULL,NULL,NULL),
(1174,11,'KOTA LANGSA','Langsa','LGS',1,0,NULL,NULL,NULL,NULL,NULL),
(1175,11,'KOTA SUBULUSSALAM','Subulussalam','SUS',1,0,NULL,NULL,NULL,NULL,NULL),
(1176,11,'KAB. BIREUEN','BIREUEN','BIR',1,0,NULL,NULL,NULL,NULL,NULL),
(1201,12,'KAB. TAPANULI TENGAH','Sibolga','SBG',1,0,NULL,NULL,NULL,NULL,NULL),
(1202,12,'KAB. TAPANULI UTARA','Tarutung','TRT',1,0,NULL,NULL,NULL,NULL,NULL),
(1203,12,'KAB. TAPANULI SELATAN','Padang Sidempuan','PSP',1,0,NULL,NULL,NULL,NULL,NULL),
(1204,12,'KAB. NIAS','Gunung Sitoli','GST',1,0,NULL,NULL,NULL,NULL,NULL),
(1205,12,'KAB. LANGKAT','Stabat','STB',1,0,NULL,NULL,NULL,NULL,NULL),
(1206,12,'KAB. KARO','Kabanjahe','KBJ',1,0,NULL,NULL,NULL,NULL,NULL),
(1207,12,'KAB. DELI SERDANG','Lubuk Pakam','LBP',1,0,NULL,NULL,NULL,NULL,NULL),
(1208,12,'KAB. SIMALUNGUN','Pematang Siantar','PMS',1,0,NULL,NULL,NULL,NULL,NULL),
(1209,12,'KAB. ASAHAN','Kisaran','KIS',1,0,NULL,NULL,NULL,NULL,NULL),
(1210,12,'KAB. LABUHANBATU','Rantau Prapat','RAP',1,0,NULL,NULL,NULL,NULL,NULL),
(1211,12,'KAB. DAIRI','Sidikalang','SDK',1,0,NULL,NULL,NULL,NULL,NULL),
(1212,12,'KAB. TOBA SAMOSIR','Balige','BLG',1,0,NULL,NULL,NULL,NULL,NULL),
(1213,12,'KAB. MANDAILING NATAL','Panyabungan','PYB',1,0,NULL,NULL,NULL,NULL,NULL),
(1214,12,'KAB. NIAS SELATAN','Teluk Dalam','TLD',1,0,NULL,NULL,NULL,NULL,NULL),
(1215,12,'KAB. PAKPAK BHARAT','Salak','SAL',1,0,NULL,NULL,NULL,NULL,NULL),
(1216,12,'KAB. HUMBANG HASUNDUTAN','Dolok Sanggul','DLS',1,0,NULL,NULL,NULL,NULL,NULL),
(1217,12,'KAB. SAMOSIR','Pangururan','PRR',1,0,NULL,NULL,NULL,NULL,NULL),
(1218,12,'KAB. SERDANG BEDAGAI','Sei Rampah','SRH',1,0,NULL,NULL,NULL,NULL,NULL),
(1219,12,'KAB. BATU BARA','Lima Puluh','LMP',1,0,NULL,NULL,NULL,NULL,NULL),
(1220,12,'KAB. PADANG LAWAS UTARA','Gunung Tua','GNT',1,0,NULL,NULL,NULL,NULL,NULL),
(1221,12,'KAB. PADANG LAWAS','Sibuhuan','SBH',1,0,NULL,NULL,NULL,NULL,NULL),
(1222,12,'KAB. LABUHANBATU SELATAN','Kota pinang','KPI',1,0,NULL,NULL,NULL,NULL,NULL),
(1223,12,'KAB. LABUHANBATU UTARA','Aek Kanopan','AKK',1,0,NULL,NULL,NULL,NULL,NULL),
(1224,12,'KAB. NIAS UTARA','Lotu','LTU',1,0,NULL,NULL,NULL,NULL,NULL),
(1225,12,'KAB. NIAS BARAT','Lahomi','LHM',1,0,NULL,NULL,NULL,NULL,NULL),
(1271,12,'KOTA MEDAN','Medan','MDN',1,0,NULL,NULL,NULL,NULL,NULL),
(1272,12,'KOTA PEMATANG SIANTAR','Pematang Siantar','PMS',1,0,NULL,NULL,NULL,NULL,NULL),
(1273,12,'KOTA SIBOLGA','Sibolga','SBG',1,0,NULL,NULL,NULL,NULL,NULL),
(1274,12,'KOTA TANJUNG BALAI','Tanjung Balai','TJB',1,0,NULL,NULL,NULL,NULL,NULL),
(1275,12,'KOTA BINJAI','Binjai','BNJ',1,0,NULL,NULL,NULL,NULL,NULL),
(1276,12,'KOTA TEBING TINGGI','Tebing Tinggi','TBT',1,0,NULL,NULL,NULL,NULL,NULL),
(1277,12,'KOTA PADANGSIDIMPUAN','Padang Sidempuan','PSP',1,0,NULL,NULL,NULL,NULL,NULL),
(1278,12,'KOTA GUNUNGSITOLI','Gunungsitoli','GST',1,0,NULL,NULL,NULL,NULL,NULL),
(1301,13,'KAB. PESISIR SELATAN','Painan','PNN',1,0,NULL,NULL,NULL,NULL,NULL),
(1302,13,'KAB. SOLOK','Arosuka','ARS',1,0,NULL,NULL,NULL,NULL,NULL),
(1303,13,'KAB. SIJUNJUNG','Muaro Sijunjung','MRJ',1,0,NULL,NULL,NULL,NULL,NULL),
(1304,13,'KAB. TANAH DATAR','Batusangkar','BSK',1,0,NULL,NULL,NULL,NULL,NULL),
(1305,13,'KAB. PADANG PARIAMAN','NAGARI PARIT MALINTANG','NPM',1,0,NULL,NULL,NULL,NULL,NULL),
(1306,13,'KAB. AGAM','Lubuk Basung','LBB',1,0,NULL,NULL,NULL,NULL,NULL),
(1307,13,'KAB. LIMA PULUH KOTA','Sarilamak','SRK',1,0,NULL,NULL,NULL,NULL,NULL),
(1308,13,'KAB. PASAMAN','Lubuk Sikaping','LBS',1,0,NULL,NULL,NULL,NULL,NULL),
(1309,13,'KAB. KEPULAUAN MENTAWAI','Tuapejat','TPT',1,0,NULL,NULL,NULL,NULL,NULL),
(1310,13,'KAB. DHARMASRAYA','Pulau Punjung','PLJ',1,0,NULL,NULL,NULL,NULL,NULL),
(1311,13,'KAB. SOLOK SELATAN','Padang Aro','PDA',1,0,NULL,NULL,NULL,NULL,NULL),
(1312,13,'KAB. PASAMAN BARAT','Simpang Empat','SPE',1,0,NULL,NULL,NULL,NULL,NULL),
(1371,13,'KOTA PADANG','Padang','PAD',1,0,NULL,NULL,NULL,NULL,NULL),
(1372,13,'KOTA SOLOK','Solok','SLK',1,0,NULL,NULL,NULL,NULL,NULL),
(1373,13,'KOTA SAWAHLUNTO','Sawahlunto','SWL',1,0,NULL,NULL,NULL,NULL,NULL),
(1374,13,'KOTA PADANG PANJANG','Padang Panjang','PDP',1,0,NULL,NULL,NULL,NULL,NULL),
(1375,13,'KOTA BUKITTINGGI','Bukittinggi','BKT',1,0,NULL,NULL,NULL,NULL,NULL),
(1376,13,'KOTA PAYAKUMBUH','Payakumbuh','PYK',1,0,NULL,NULL,NULL,NULL,NULL),
(1377,13,'KOTA PARIAMAN','Pariaman','PMN',1,0,NULL,NULL,NULL,NULL,NULL),
(1401,14,'KAB. KAMPAR','Bangkinang','BKN',1,0,NULL,NULL,NULL,NULL,NULL),
(1402,14,'KAB. INDRAGIRI HULU','Rengat','RGT',1,0,NULL,NULL,NULL,NULL,NULL),
(1403,14,'KAB. BENGKALIS','Bengkalis','BLS',1,0,NULL,NULL,NULL,NULL,NULL),
(1404,14,'KAB. INDRAGIRI HILIR','Tembilahan','TBH',1,0,NULL,NULL,NULL,NULL,NULL),
(1405,14,'KAB. PELALAWAN','Pangkalan Kerinci','PKK',1,0,NULL,NULL,NULL,NULL,NULL),
(1406,14,'KAB. ROKAN HULU','Pasir Pengarairan','PRP',1,0,NULL,NULL,NULL,NULL,NULL),
(1407,14,'KAB. ROKAN HILIR','Bagansiapiapi','BAG',1,0,NULL,NULL,NULL,NULL,NULL),
(1408,14,'KAB. SIAK','Siak Sriindrapura','SAK',1,0,NULL,NULL,NULL,NULL,NULL),
(1409,14,'KAB. KUANTAN SINGINGI','Teluk Kuantan','TLK',1,0,NULL,NULL,NULL,NULL,NULL),
(1410,14,'KAB. KEPULAUAN MERANTI','Tebing Tinggi','TTG',1,0,NULL,NULL,NULL,NULL,NULL),
(1471,14,'KOTA PEKANBARU','Pekanbaru','PBR',1,0,NULL,NULL,NULL,NULL,NULL),
(1472,14,'KOTA DUMAI','Dumai','DUM',1,0,NULL,NULL,NULL,NULL,NULL),
(1501,15,'KAB. KERINCI','Siulak','SLK',1,0,NULL,NULL,NULL,NULL,NULL),
(1502,15,'KAB. MERANGIN','Bangko','BKO',1,0,NULL,NULL,NULL,NULL,NULL),
(1503,15,'KAB. SAROLANGUN','Sarolangun','SRL',1,0,NULL,NULL,NULL,NULL,NULL),
(1504,15,'KAB. BATANGHARI','Muara Bulian','MBN',1,0,NULL,NULL,NULL,NULL,NULL),
(1505,15,'KAB. MUARO JAMBI','Sengeti','SNT',1,0,NULL,NULL,NULL,NULL,NULL),
(1506,15,'KAB. TANJUNG JABUNG BARAT','Kuala Tungkal','KLT',1,0,NULL,NULL,NULL,NULL,NULL),
(1507,15,'KAB. TANJUNG JABUNG TIMUR','Muara Sabak','MSK',1,0,NULL,NULL,NULL,NULL,NULL),
(1508,15,'KAB. BUNGO','Muara Bungo','MRB',1,0,NULL,NULL,NULL,NULL,NULL),
(1509,15,'KAB. TEBO','Muara Tebo','MRT',1,0,NULL,NULL,NULL,NULL,NULL),
(1571,15,'KOTA JAMBI','Jambi','JMB',1,0,NULL,NULL,NULL,NULL,NULL),
(1572,15,'KOTA SUNGAI PENUH','Sungai Penuh','SPN',1,0,NULL,NULL,NULL,NULL,NULL),
(1601,16,'KAB. OGAN KOMERING ULU','Baturaja','BTA',1,0,NULL,NULL,NULL,NULL,NULL),
(1602,16,'KAB. OGAN KOMERING ILIR','Kayu Agung','KAG',1,0,NULL,NULL,NULL,NULL,NULL),
(1603,16,'KAB. MUARA ENIM','Muara Enim','MRE',1,0,NULL,NULL,NULL,NULL,NULL),
(1604,16,'KAB. LAHAT','Lahat','LHT',1,0,NULL,NULL,NULL,NULL,NULL),
(1605,16,'KAB. MUSI RAWAS','Lubuk Linggau','LLG',1,0,NULL,NULL,NULL,NULL,NULL),
(1606,16,'KAB. MUSI BANYUASIN','Sekayu','SKY',1,0,NULL,NULL,NULL,NULL,NULL),
(1607,16,'KAB. BANYUASIN','Pangkalan Balai','PKB',1,0,NULL,NULL,NULL,NULL,NULL),
(1608,16,'KAB. OKU TIMUR','Martapura','MPR',1,0,NULL,NULL,NULL,NULL,NULL),
(1609,16,'KAB. OKU SELATAN','Muaradua','MRD',1,0,NULL,NULL,NULL,NULL,NULL),
(1610,16,'KAB. OGAN ILIR','indralaya','IDL',1,0,NULL,NULL,NULL,NULL,NULL),
(1611,16,'KAB. EMPAT LAWANG','Tebing Tinggi','TBT',1,0,NULL,NULL,NULL,NULL,NULL),
(1612,16,'KAB. PENUKAL ABAB LEMATANG ILIR','Talang Ubi','TLA',1,0,NULL,NULL,NULL,NULL,NULL),
(1613,16,'KAB. MUSI RAWAS UTARA','Rupit','RPT',1,0,NULL,NULL,NULL,NULL,NULL),
(1671,16,'KOTA PALEMBANG','Palembang','PLG',1,0,NULL,NULL,NULL,NULL,NULL),
(1672,16,'KOTA PAGAR ALAM','Pagar Alam','PGA',1,0,NULL,NULL,NULL,NULL,NULL),
(1673,16,'KOTA LUBUK LINGGAU','Lubuk Linggau','LLG',1,0,NULL,NULL,NULL,NULL,NULL),
(1674,16,'KOTA PRABUMULIH','Prabumulih','PBM',1,0,NULL,NULL,NULL,NULL,NULL),
(1701,17,'KAB. BENGKULU SELATAN','Manna','MNA',1,0,NULL,NULL,NULL,NULL,NULL),
(1702,17,'KAB. REJANG LEBONG','Curup','CRP',1,0,NULL,NULL,NULL,NULL,NULL),
(1703,17,'KAB. BENGKULU UTARA','Arga Makmur','AGM',1,0,NULL,NULL,NULL,NULL,NULL),
(1704,17,'KAB. KAUR','Bintuhan','BHN',1,0,NULL,NULL,NULL,NULL,NULL),
(1705,17,'KAB. SELUMA','Tais','TAS',1,0,NULL,NULL,NULL,NULL,NULL),
(1706,17,'KAB. MUKO MUKO','Mukomuko','MKM',1,0,NULL,NULL,NULL,NULL,NULL),
(1707,17,'KAB. LEBONG','Tubei','TUB',1,0,NULL,NULL,NULL,NULL,NULL),
(1708,17,'KAB. KEPAHIANG','Kepahiang','KPG',1,0,NULL,NULL,NULL,NULL,NULL),
(1709,17,'KAB. BENGKULU TENGAH','Karang Tinggi','KRT',1,0,NULL,NULL,NULL,NULL,NULL),
(1771,17,'KOTA BENGKULU','Bengkulu','BGL',1,0,NULL,NULL,NULL,NULL,NULL),
(1801,18,'KAB. LAMPUNG SELATAN','Kalianda','KLA',1,0,NULL,NULL,NULL,NULL,NULL),
(1802,18,'KAB. LAMPUNG TENGAH','Gunung Sugih','GNS',1,0,NULL,NULL,NULL,NULL,NULL),
(1803,18,'KAB. LAMPUNG UTARA','Kotabumi','KTB',1,0,NULL,NULL,NULL,NULL,NULL),
(1804,18,'KAB. LAMPUNG BARAT','Liwa','LIW',1,0,NULL,NULL,NULL,NULL,NULL),
(1805,18,'KAB. TULANG BAWANG','Menggala','MGL',1,0,NULL,NULL,NULL,NULL,NULL),
(1806,18,'KAB. TANGGAMUS','Kota Agung','KOT',1,0,NULL,NULL,NULL,NULL,NULL),
(1807,18,'KAB. LAMPUNG TIMUR','Sukadana','SDN',1,0,NULL,NULL,NULL,NULL,NULL),
(1808,18,'KAB. WAY KANAN','Blambangan Umpu','BBU',1,0,NULL,NULL,NULL,NULL,NULL),
(1809,18,'KAB. PESAWARAN','Gedong Tataan','GDT',1,0,NULL,NULL,NULL,NULL,NULL),
(1810,18,'KAB. PRINGSEWU','Pringsewu','PRW',1,0,NULL,NULL,NULL,NULL,NULL),
(1811,18,'KAB. MESUJI','Mesuji','MSJ',1,0,NULL,NULL,NULL,NULL,NULL),
(1812,18,'KAB. TULANG BAWANG BARAT','Tulang Bawang ','TUN',1,0,NULL,NULL,NULL,NULL,NULL),
(1813,18,'KAB. PESISIR BARAT','Krui','KRU',1,0,NULL,NULL,NULL,NULL,NULL),
(1871,18,'KOTA BANDAR LAMPUNG','Bandar Lampung','BDL',1,0,NULL,NULL,NULL,NULL,NULL),
(1872,18,'KOTA METRO','Metro','MET',1,0,NULL,NULL,NULL,NULL,NULL),
(1901,19,'KAB. BANGKA','Sungai Liat','SGL',1,0,NULL,NULL,NULL,NULL,NULL),
(1902,19,'KAB. BELITUNG','Tanjung Pandan','TDN',1,0,NULL,NULL,NULL,NULL,NULL),
(1903,19,'KAB. BANGKA SELATAN','Toboali','TBL',1,0,NULL,NULL,NULL,NULL,NULL),
(1904,19,'KAB. BANGKA TENGAH','Koba','KBA',1,0,NULL,NULL,NULL,NULL,NULL),
(1905,19,'KAB. BANGKA BARAT','Mentok','MTK',1,0,NULL,NULL,NULL,NULL,NULL),
(1906,19,'KAB. BELITUNG TIMUR','Manggar','MGR',1,0,NULL,NULL,NULL,NULL,NULL),
(1971,19,'KOTA PANGKAL PINANG','Pangkal Pinang','PGP',1,0,NULL,NULL,NULL,NULL,NULL),
(2101,21,'KAB. BINTAN','Bandar Seri Bentan','BSB',1,0,NULL,NULL,NULL,NULL,NULL),
(2102,21,'KAB. KARIMUN','Tj. Balai Karimun','TPG',1,0,NULL,NULL,NULL,NULL,NULL),
(2103,21,'KAB. NATUNA','Ranai','RAN',1,0,NULL,NULL,NULL,NULL,NULL),
(2104,21,'KAB. LINGGA','Daik Lingga','DKL',1,0,NULL,NULL,NULL,NULL,NULL),
(2105,21,'KAB. KEPULAUAN ANAMBAS','Tarempa','TRP',1,0,NULL,NULL,NULL,NULL,NULL),
(2171,21,'KOTA BATAM','Batam','BTM',1,0,NULL,NULL,NULL,NULL,NULL),
(2172,21,'KOTA TANJUNG PINANG','Tanjung Pinang','TPG',1,0,NULL,NULL,NULL,NULL,NULL),
(3101,31,'KAB. KEP. SERIBU','P. Seribu','KSU',1,0,NULL,NULL,NULL,NULL,NULL),
(3171,31,'KOTA JAKARTA PUSAT','Tanah Abang','TNA',1,0,NULL,NULL,NULL,NULL,NULL),
(3172,31,'KOTA JAKARTA UTARA','Tanjung Priok','TJP',1,0,NULL,NULL,NULL,NULL,NULL),
(3173,31,'KOTA JAKARTA BARAT','Grogol Petamburan','GGP',1,0,NULL,NULL,NULL,NULL,NULL),
(3174,31,'KOTA JAKARTA SELATAN','Kebayoran Baru','KYB',1,0,NULL,NULL,NULL,NULL,NULL),
(3175,31,'KOTA JAKARTA TIMUR','Cakung','CGK',1,0,NULL,NULL,NULL,NULL,NULL),
(3201,32,'KAB. BOGOR','Cibinong','CBI',1,0,NULL,NULL,NULL,NULL,NULL),
(3202,32,'KAB. SUKABUMI','Sukabumi','SKB',1,0,NULL,NULL,NULL,NULL,NULL),
(3203,32,'KAB. CIANJUR','Cianjur','CJR',1,0,NULL,NULL,NULL,NULL,NULL),
(3204,32,'KAB. BANDUNG','Soreang','SOR',1,0,NULL,NULL,NULL,NULL,NULL),
(3205,32,'KAB. GARUT','Garut','GRT',1,0,NULL,NULL,NULL,NULL,NULL),
(3206,32,'KAB. TASIKMALAYA','Singaparna','SPA',1,0,NULL,NULL,NULL,NULL,NULL),
(3207,32,'KAB. CIAMIS','Ciamis','CMS',1,0,NULL,NULL,NULL,NULL,NULL),
(3208,32,'KAB. KUNINGAN','Kuningan','KNG',1,0,NULL,NULL,NULL,NULL,NULL),
(3209,32,'KAB. CIREBON','Sumber','SBR',1,0,NULL,NULL,NULL,NULL,NULL),
(3210,32,'KAB. MAJALENGKA','Majalengka','MJL',1,0,NULL,NULL,NULL,NULL,NULL),
(3211,32,'KAB. SUMEDANG','Sumedang','SMD',1,0,NULL,NULL,NULL,NULL,NULL),
(3212,32,'KAB. INDRAMAYU','Indramayu','IDM',1,0,NULL,NULL,NULL,NULL,NULL),
(3213,32,'KAB. SUBANG','Subang','SNG',1,0,NULL,NULL,NULL,NULL,NULL),
(3214,32,'KAB. PURWAKARTA','Purwakarta','PWK',1,0,NULL,NULL,NULL,NULL,NULL),
(3215,32,'KAB. KARAWANG','Karawang','KWG',1,0,NULL,NULL,NULL,NULL,NULL),
(3216,32,'KAB. BEKASI','Cikarang','CKR',1,0,NULL,NULL,NULL,NULL,NULL),
(3217,32,'KAB. BANDUNG BARAT','Ngamprah','NPH',1,0,NULL,NULL,NULL,NULL,NULL),
(3218,32,'KAB. PANGANDARAN','Parigi','PRG',1,0,NULL,NULL,NULL,NULL,NULL),
(3271,32,'KOTA BOGOR','Bogor','BGR',1,0,NULL,NULL,NULL,NULL,NULL),
(3272,32,'KOTA SUKABUMI','Sukabumi','SKB',1,0,NULL,NULL,NULL,NULL,NULL),
(3273,32,'KOTA BANDUNG','Bandung','BDG',1,0,NULL,NULL,NULL,NULL,NULL),
(3274,32,'KOTA CIREBON','Cirebon','CBN',1,0,NULL,NULL,NULL,NULL,NULL),
(3275,32,'KOTA BEKASI','Bekasi','BKS',1,0,NULL,NULL,NULL,NULL,NULL),
(3276,32,'KOTA DEPOK','Depok','DPK',1,0,NULL,NULL,NULL,NULL,NULL),
(3277,32,'KOTA CIMAHI','Cimahi','CMH',1,0,NULL,NULL,NULL,NULL,NULL),
(3278,32,'KOTA TASIKMALAYA','Tasikmalaya','TSM',1,0,NULL,NULL,NULL,NULL,NULL),
(3279,32,'KOTA BANJAR','Banjar','BJR',1,0,NULL,NULL,NULL,NULL,NULL),
(3301,33,'KAB. CILACAP','Cilacap','CLP',1,0,NULL,NULL,NULL,NULL,NULL),
(3302,33,'KAB. BANYUMAS','Purwokerto','PWT',1,0,NULL,NULL,NULL,NULL,NULL),
(3303,33,'KAB. PURBALINGGA','Purbalingga','PBG',1,0,NULL,NULL,NULL,NULL,NULL),
(3304,33,'KAB. BANJARNEGARA','Banjarnegara','BNR',1,0,NULL,NULL,NULL,NULL,NULL),
(3305,33,'KAB. KEBUMEN','Kebumen','KBM',1,0,NULL,NULL,NULL,NULL,NULL),
(3306,33,'KAB. PURWOREJO','Purworejo','PWR',1,0,NULL,NULL,NULL,NULL,NULL),
(3307,33,'KAB. WONOSOBO','Wonosobo','WSB',1,0,NULL,NULL,NULL,NULL,NULL),
(3308,33,'KAB. MAGELANG','Mungkid','MKD',1,0,NULL,NULL,NULL,NULL,NULL),
(3309,33,'KAB. BOYOLALI','Boyolali','BYL',1,0,NULL,NULL,NULL,NULL,NULL),
(3310,33,'KAB. KLATEN','Klaten','KLN',1,0,NULL,NULL,NULL,NULL,NULL),
(3311,33,'KAB. SUKOHARJO','Sukoharjo','SKH',1,0,NULL,NULL,NULL,NULL,NULL),
(3312,33,'KAB. WONOGIRI','Wonogiri','WNG',1,0,NULL,NULL,NULL,NULL,NULL),
(3313,33,'KAB. KARANGANYAR','Karanganyar','KRG',1,0,NULL,NULL,NULL,NULL,NULL),
(3314,33,'KAB. SRAGEN','Sragen','SGN',1,0,NULL,NULL,NULL,NULL,NULL),
(3315,33,'KAB. GROBOGAN','Purwodadi','PWD',1,0,NULL,NULL,NULL,NULL,NULL),
(3316,33,'KAB. BLORA','Blora','BLA',1,0,NULL,NULL,NULL,NULL,NULL),
(3317,33,'KAB. REMBANG','Rembang','RBG',1,0,NULL,NULL,NULL,NULL,NULL),
(3318,33,'KAB. PATI','Pati','PTI',1,0,NULL,NULL,NULL,NULL,NULL),
(3319,33,'KAB. KUDUS','Kudus','KDS',1,0,NULL,NULL,NULL,NULL,NULL),
(3320,33,'KAB. JEPARA','Jepara','JPA',1,0,NULL,NULL,NULL,NULL,NULL),
(3321,33,'KAB. DEMAK','Demak','DMK',1,0,NULL,NULL,NULL,NULL,NULL),
(3322,33,'KAB. SEMARANG','Ungaran','UNR',1,0,NULL,NULL,NULL,NULL,NULL),
(3323,33,'KAB. TEMANGGUNG','Temanggung','TMG',1,0,NULL,NULL,NULL,NULL,NULL),
(3324,33,'KAB. KENDAL','Kendal','KDL',1,0,NULL,NULL,NULL,NULL,NULL),
(3325,33,'KAB. BATANG','Batang','BTG',1,0,NULL,NULL,NULL,NULL,NULL),
(3326,33,'KAB. PEKALONGAN','Kajen','KJN',1,0,NULL,NULL,NULL,NULL,NULL),
(3327,33,'KAB. PEMALANG','Pemalang','PML',1,0,NULL,NULL,NULL,NULL,NULL),
(3328,33,'KAB. TEGAL','Slawi','SLW',1,0,NULL,NULL,NULL,NULL,NULL),
(3329,33,'KAB. BREBES','Brebes','BBS',1,0,NULL,NULL,NULL,NULL,NULL),
(3371,33,'KOTA MAGELANG','Magelang','MGG',1,0,NULL,NULL,NULL,NULL,NULL),
(3372,33,'KOTA SURAKARTA','Surakarta','SKT',1,0,NULL,NULL,NULL,NULL,NULL),
(3373,33,'KOTA SALATIGA','Salatiga','SLT',1,0,NULL,NULL,NULL,NULL,NULL),
(3374,33,'KOTA SEMARANG','Semarang','SMG',1,0,NULL,NULL,NULL,NULL,NULL),
(3375,33,'KOTA PEKALONGAN','Pekalongan','PKL',1,0,NULL,NULL,NULL,NULL,NULL),
(3376,33,'KOTA TEGAL','Tegal','TGL',1,0,NULL,NULL,NULL,NULL,NULL),
(3401,34,'KAB. KULON PROGO','Wates','WAT',1,0,NULL,NULL,NULL,NULL,NULL),
(3402,34,'KAB. BANTUL','Bantul','BTL',1,0,NULL,NULL,NULL,NULL,NULL),
(3403,34,'KAB. GUNUNG KIDUL','Wonosari','WNO',1,0,NULL,NULL,NULL,NULL,NULL),
(3404,34,'KAB. SLEMAN','Sleman','SMN',1,0,NULL,NULL,NULL,NULL,NULL),
(3471,34,'KOTA YOGYAKARTA','Yogyakarta','YYK',1,0,NULL,NULL,NULL,NULL,NULL),
(3501,35,'KAB. PACITAN','Pacitan','PCT',1,0,NULL,NULL,NULL,NULL,NULL),
(3502,35,'KAB. PONOROGO','Ponorogo','PNG',1,0,NULL,NULL,NULL,NULL,NULL),
(3503,35,'KAB. TRENGGALEK','Trenggalek','TRL',1,0,NULL,NULL,NULL,NULL,NULL),
(3504,35,'KAB. TULUNGAGUNG','Tulungagung','TLG',1,0,NULL,NULL,NULL,NULL,NULL),
(3505,35,'KAB. BLITAR','Kanigoro','KNR',1,0,NULL,NULL,NULL,NULL,NULL),
(3506,35,'KAB. KEDIRI','Kediri','KDR',1,0,NULL,NULL,NULL,NULL,NULL),
(3507,35,'KAB. MALANG','Kepanjen','KPN',1,0,NULL,NULL,NULL,NULL,NULL),
(3508,35,'KAB. LUMAJANG','Lumajang','LMJ',1,0,NULL,NULL,NULL,NULL,NULL),
(3509,35,'KAB. JEMBER','Jember','JMR',1,0,NULL,NULL,NULL,NULL,NULL),
(3510,35,'KAB. BANYUWANGI','Banyuwangi','BYW',1,0,NULL,NULL,NULL,NULL,NULL),
(3511,35,'KAB. BONDOWOSO','Bondowoso','BDW',1,0,NULL,NULL,NULL,NULL,NULL),
(3512,35,'KAB. SITUBONDO','Situbondo','SIT',1,0,NULL,NULL,NULL,NULL,NULL),
(3513,35,'KAB. PROBOLINGGO','Kraksaan','KRS',1,0,NULL,NULL,NULL,NULL,NULL),
(3514,35,'KAB. PASURUAN','Pasuruan','PSN',1,0,NULL,NULL,NULL,NULL,NULL),
(3515,35,'KAB. SIDOARJO','Sidoarjo','SDA',1,0,NULL,NULL,NULL,NULL,NULL),
(3516,35,'KAB. MOJOKERTO','Mojokerto','MJK',1,0,NULL,NULL,NULL,NULL,NULL),
(3517,35,'KAB. JOMBANG','Jombang','JBG',1,0,NULL,NULL,NULL,NULL,NULL),
(3518,35,'KAB. NGANJUK','Nganjuk','NJK',1,0,NULL,NULL,NULL,NULL,NULL),
(3519,35,'KAB. MADIUN','Mejayan','MJY',1,0,NULL,NULL,NULL,NULL,NULL),
(3520,35,'KAB. MAGETAN','Magetan','MGT',1,0,NULL,NULL,NULL,NULL,NULL),
(3521,35,'KAB. NGAWI','Ngawi','NGW',1,0,NULL,NULL,NULL,NULL,NULL),
(3522,35,'KAB. BOJONEGORO','Bojonegoro','BJN',1,0,NULL,NULL,NULL,NULL,NULL),
(3523,35,'KAB. TUBAN','Tuban','TBN',1,0,NULL,NULL,NULL,NULL,NULL),
(3524,35,'KAB. LAMONGAN','Lamongan','LMG',1,0,NULL,NULL,NULL,NULL,NULL),
(3525,35,'KAB. GRESIK','Gresik','GSK',1,0,NULL,NULL,NULL,NULL,NULL),
(3526,35,'KAB. BANGKALAN','Bangkalan','BKL',1,0,NULL,NULL,NULL,NULL,NULL),
(3527,35,'KAB. SAMPANG','Sampang','SPG',1,0,NULL,NULL,NULL,NULL,NULL),
(3528,35,'KAB. PAMEKASAN','Pamekasan','PMK',1,0,NULL,NULL,NULL,NULL,NULL),
(3529,35,'KAB. SUMENEP','Sumenep','SMP',1,0,NULL,NULL,NULL,NULL,NULL),
(3571,35,'KOTA KEDIRI','Kediri','KDR',1,0,NULL,NULL,NULL,NULL,NULL),
(3572,35,'KOTA BLITAR','Blitar','BLT',1,0,NULL,NULL,NULL,NULL,NULL),
(3573,35,'KOTA MALANG','Malang','MLG',1,0,NULL,NULL,NULL,NULL,NULL),
(3574,35,'KOTA PROBOLINGGO','Probolinggo','PBL',1,0,NULL,NULL,NULL,NULL,NULL),
(3575,35,'KOTA PASURUAN','Pasuruan','PSN',1,0,NULL,NULL,NULL,NULL,NULL),
(3576,35,'KOTA MOJOKERTO','Mojokerto','MJK',1,0,NULL,NULL,NULL,NULL,NULL),
(3577,35,'KOTA MADIUN','Madiun','MAD',1,0,NULL,NULL,NULL,NULL,NULL),
(3578,35,'KOTA SURABAYA','Surabaya','SBY',1,0,NULL,NULL,NULL,NULL,NULL),
(3579,35,'KOTA BATU','Batu','BTU',1,0,NULL,NULL,NULL,NULL,NULL),
(3601,36,'KAB. PANDEGLANG','Pandeglang','PDG',1,0,NULL,NULL,NULL,NULL,NULL),
(3602,36,'KAB. LEBAK','Rangkas Bitung','RKB',1,0,NULL,NULL,NULL,NULL,NULL),
(3603,36,'KAB. TANGERANG','Tigaraksa','TGR',1,0,NULL,NULL,NULL,NULL,NULL),
(3604,36,'KAB. SERANG','Serang','SRG',1,0,NULL,NULL,NULL,NULL,NULL),
(3671,36,'KOTA TANGERANG','Tangerang','TNG',1,0,NULL,NULL,NULL,NULL,NULL),
(3672,36,'KOTA CILEGON','Cilegon','CLG',1,0,NULL,NULL,NULL,NULL,NULL),
(3673,36,'KOTA SERANG','Serang','SRG',1,0,NULL,NULL,NULL,NULL,NULL),
(3674,36,'KOTA TANGERANG SELATAN','Ciputat','CPT',1,0,NULL,NULL,NULL,NULL,NULL),
(5101,51,'KAB. JEMBRANA','Negara','NGA',1,0,NULL,NULL,NULL,NULL,NULL),
(5102,51,'KAB. TABANAN','Tabanan','TAB',1,0,NULL,NULL,NULL,NULL,NULL),
(5103,51,'KAB. BADUNG','Mengwi','MGW',1,0,NULL,NULL,NULL,NULL,NULL),
(5104,51,'KAB. GIANYAR','Gianyar','GIN',1,0,NULL,NULL,NULL,NULL,NULL),
(5105,51,'KAB. KLUNGKUNG','Semarapura','SRP',1,0,NULL,NULL,NULL,NULL,NULL),
(5106,51,'KAB. BANGLI','Bangli','BLI',1,0,NULL,NULL,NULL,NULL,NULL),
(5107,51,'KAB. KARANGASEM','Amlapura','APR',1,0,NULL,NULL,NULL,NULL,NULL),
(5108,51,'KAB. BULELENG','Singaraja','SGR',1,0,NULL,NULL,NULL,NULL,NULL),
(5171,51,'KOTA DENPASAR','Denpasar','DPR',1,0,NULL,NULL,NULL,NULL,NULL),
(5201,52,'KAB. LOMBOK BARAT','Mataram','MTR',1,0,NULL,NULL,NULL,NULL,NULL),
(5202,52,'KAB. LOMBOK TENGAH','Praya','PYA',1,0,NULL,NULL,NULL,NULL,NULL),
(5203,52,'KAB. LOMBOK TIMUR','Selong','SEL',1,0,NULL,NULL,NULL,NULL,NULL),
(5204,52,'KAB. SUMBAWA','Sumbawa Besar','SBW',1,0,NULL,NULL,NULL,NULL,NULL),
(5205,52,'KAB. DOMPU','Dompu','DPU',1,0,NULL,NULL,NULL,NULL,NULL),
(5206,52,'KAB. BIMA','Woha','WHO',1,0,NULL,NULL,NULL,NULL,NULL),
(5207,52,'KAB. SUMBAWA BARAT','Taliwang','TLW',1,0,NULL,NULL,NULL,NULL,NULL),
(5208,52,'KAB. LOMBOK UTARA','Tanjung','TJN',1,0,NULL,NULL,NULL,NULL,NULL),
(5271,52,'KOTA MATARAM','Mataram','MTR',1,0,NULL,NULL,NULL,NULL,NULL),
(5272,52,'KOTA BIMA','Bima','BIM',1,0,NULL,NULL,NULL,NULL,NULL),
(5301,53,'KAB. KUPANG','Kupang','KPG',1,0,NULL,NULL,NULL,NULL,NULL),
(5302,53,'KAB. TIMOR TENGAH SELATAN','Soe','SOE',1,0,NULL,NULL,NULL,NULL,NULL),
(5303,53,'KAB. TIMOR TENGAH UTARA','Kafemananu','KFM',1,0,NULL,NULL,NULL,NULL,NULL),
(5304,53,'KAB. BELU','Atambua','ATB',1,0,NULL,NULL,NULL,NULL,NULL),
(5305,53,'KAB. ALOR','Kalabahi','KLB',1,0,NULL,NULL,NULL,NULL,NULL),
(5306,53,'KAB. FLORES TIMUR','Larantuka','LRT',1,0,NULL,NULL,NULL,NULL,NULL),
(5307,53,'KAB. SIKKA','Maumere','MME',1,0,NULL,NULL,NULL,NULL,NULL),
(5308,53,'KAB. ENDE','Ende','END',1,0,NULL,NULL,NULL,NULL,NULL),
(5309,53,'KAB. NGADA','Bajawa','BJW',1,0,NULL,NULL,NULL,NULL,NULL),
(5310,53,'KAB. MANGGARAI','Ruteng','RTG',1,0,NULL,NULL,NULL,NULL,NULL),
(5311,53,'KAB. SUMBA TIMUR','Waingapu','WGP',1,0,NULL,NULL,NULL,NULL,NULL),
(5312,53,'KAB. SUMBA BARAT','Waikabubak','WKB',1,0,NULL,NULL,NULL,NULL,NULL),
(5313,53,'KAB. LEMBATA','Lewoleba','LWL',1,0,NULL,NULL,NULL,NULL,NULL),
(5314,53,'KAB. ROTE NDAO','Baa','BAA',1,0,NULL,NULL,NULL,NULL,NULL),
(5315,53,'KAB. MANGGARAI BARAT','Labuan Bajo','LBJ',1,0,NULL,NULL,NULL,NULL,NULL),
(5316,53,'KAB. NAGEKEO','Mbay','MBY',1,0,NULL,NULL,NULL,NULL,NULL),
(5317,53,'KAB. SUMBA TENGAH','Waibakul','WBL',1,0,NULL,NULL,NULL,NULL,NULL),
(5318,53,'KAB. SUMBA BARAT DAYA','Tambolaka','TAM',1,0,NULL,NULL,NULL,NULL,NULL),
(5319,53,'KAB. MANGGARAI TIMUR','Borong','BRG',1,0,NULL,NULL,NULL,NULL,NULL),
(5320,53,'KAB. SABU RAIJUA','Menia','MIA',1,0,NULL,NULL,NULL,NULL,NULL),
(5321,53,'KAB. MALAKA','Betun','BTN',1,0,NULL,NULL,NULL,NULL,NULL),
(5371,53,'KOTA KUPANG','Kupang','KPG',1,0,NULL,NULL,NULL,NULL,NULL),
(6101,61,'KAB. SAMBAS','Sambas','SBS',1,0,NULL,NULL,NULL,NULL,NULL),
(6102,61,'KAB. PONTIANAK','Mempawah','MPW',1,0,NULL,NULL,NULL,NULL,NULL),
(6103,61,'KAB. SANGGAU','Sanggau','SAG',1,0,NULL,NULL,NULL,NULL,NULL),
(6104,61,'KAB. KETAPANG','Ketapang','KTP',1,0,NULL,NULL,NULL,NULL,NULL),
(6105,61,'KAB. SINTANG','Sintang','STG',1,0,NULL,NULL,NULL,NULL,NULL),
(6106,61,'KAB. KAPUAS HULU','Putussibau','PTS',1,0,NULL,NULL,NULL,NULL,NULL),
(6107,61,'KAB. BENGKAYANG','Bengkayang','BEK',1,0,NULL,NULL,NULL,NULL,NULL),
(6108,61,'KAB. LANDAK','Ngabang','NBA',1,0,NULL,NULL,NULL,NULL,NULL),
(6109,61,'KAB. SEKADAU','Sekadau','SED',1,0,NULL,NULL,NULL,NULL,NULL),
(6110,61,'KAB. MELAWI','Melawi','MLW',1,0,NULL,NULL,NULL,NULL,NULL),
(6111,61,'KAB. KAYONG UTARA','Sukadane','SKD',1,0,NULL,NULL,NULL,NULL,NULL),
(6112,61,'KAB. KUBU RAYA','Sungai Raya','SRY',1,0,NULL,NULL,NULL,NULL,NULL),
(6171,61,'KOTA PONTIANAK','Pontianak','PTK',1,0,NULL,NULL,NULL,NULL,NULL),
(6172,61,'KOTA SINGKAWANG','Singkawang','SKW',1,0,NULL,NULL,NULL,NULL,NULL),
(6173,61,'Mempawah','Mempawah','MPW',1,0,NULL,NULL,NULL,NULL,NULL),
(6201,62,'KAB. KOTAWARINGIN BARAT','Pangkalan Bun','PBU',1,0,NULL,NULL,NULL,NULL,NULL),
(6202,62,'KAB. KOTAWARINGIN TIMUR','Sampit','SPT',1,0,NULL,NULL,NULL,NULL,NULL),
(6203,62,'KAB. KAPUAS','Kuala Kapuas','KLK',1,0,NULL,NULL,NULL,NULL,NULL),
(6204,62,'KAB. BARITO SELATAN','Buntok','BNT',1,0,NULL,NULL,NULL,NULL,NULL),
(6205,62,'KAB. BARITO UTARA','Muara Teweh','MTW',1,0,NULL,NULL,NULL,NULL,NULL),
(6206,62,'KAB. KATINGAN','Kasongan','KSN',1,0,NULL,NULL,NULL,NULL,NULL),
(6207,62,'KAB. SERUYAN','Kuala Pembuang','KLP',1,0,NULL,NULL,NULL,NULL,NULL),
(6208,62,'KAB. SUKAMARA','Sukamara','SKR',1,0,NULL,NULL,NULL,NULL,NULL),
(6209,62,'KAB. LAMANDAU','Nanga Bulik','NGB',1,0,NULL,NULL,NULL,NULL,NULL),
(6210,62,'KAB. GUNUNG MAS','Kuala Kurun','KKN',1,0,NULL,NULL,NULL,NULL,NULL),
(6211,62,'KAB. PULANG PISAU','Pulang Pisau','PPS',1,0,NULL,NULL,NULL,NULL,NULL),
(6212,62,'KAB. MURUNG RAYA','Puruk Cahu','PRC',1,0,NULL,NULL,NULL,NULL,NULL),
(6213,62,'KAB. BARITO TIMUR','Tamiang Layang','TML',1,0,NULL,NULL,NULL,NULL,NULL),
(6271,62,'KOTA PALANGKARAYA','Palangkaraya','PLK',1,0,NULL,NULL,NULL,NULL,NULL),
(6301,63,'KAB. TANAH LAUT','Pelaihari','PLI',1,0,NULL,NULL,NULL,NULL,NULL),
(6302,63,'KAB. KOTABARU','Kotabaru','KBR',1,0,NULL,NULL,NULL,NULL,NULL),
(6303,63,'KAB. BANJAR','Martapura','MRP',1,0,NULL,NULL,NULL,NULL,NULL),
(6304,63,'KAB. BARITO KUALA','Marabahan','MRH',1,0,NULL,NULL,NULL,NULL,NULL),
(6305,63,'KAB. TAPIN','Rantau','RTA',1,0,NULL,NULL,NULL,NULL,NULL),
(6306,63,'KAB. HULU SUNGAI SELATAN','Kandangan','KGN',1,0,NULL,NULL,NULL,NULL,NULL),
(6307,63,'KAB. HULU SUNGAI TENGAH','Berabai','BRI',1,0,NULL,NULL,NULL,NULL,NULL),
(6308,63,'KAB. HULU SUNGAI UTARA','Amuntai','AMT',1,0,NULL,NULL,NULL,NULL,NULL),
(6309,63,'KAB. TABALONG','Tanjung','TJG',1,0,NULL,NULL,NULL,NULL,NULL),
(6310,63,'KAB. TANAH BUMBU','Batulicin','BLN',1,0,NULL,NULL,NULL,NULL,NULL),
(6311,63,'KAB. BALANGAN','Paringin','PRN',1,0,NULL,NULL,NULL,NULL,NULL),
(6371,63,'KOTA BANJARMASIN','Banjarmasin','BJM',1,0,NULL,NULL,NULL,NULL,NULL),
(6372,63,'KOTA BANJARBARU','Banjarbaru','BJB',1,0,NULL,NULL,NULL,NULL,NULL),
(6401,64,'KAB. PASER','Tanah Grogot','TGT',1,0,NULL,NULL,NULL,NULL,NULL),
(6402,64,'KAB. KUTAI KARTANEGARA','Tenggarong','TRG',1,0,NULL,NULL,NULL,NULL,NULL),
(6403,64,'KAB. BERAU','Tanjung Redeb','TNR',1,0,NULL,NULL,NULL,NULL,NULL),
(6407,64,'KAB. KUTAI BARAT','Sendawar','SDW',1,0,NULL,NULL,NULL,NULL,NULL),
(6408,64,'KAB. KUTAI TIMUR','Sanggatta','SGT',1,0,NULL,NULL,NULL,NULL,NULL),
(6409,64,'KAB. PENAJAM PASER UTARA','Penajam','PNJ',1,0,NULL,NULL,NULL,NULL,NULL),
(6411,64,'KAB. MAHAKAM ULU','Ujoh Bilang','JBG',1,0,NULL,NULL,NULL,NULL,NULL),
(6471,64,'KOTA BALIKPAPAN','Balikpapan','BPP',1,0,NULL,NULL,NULL,NULL,NULL),
(6472,64,'KOTA SAMARINDA','Samarinda','SMR',1,0,NULL,NULL,NULL,NULL,NULL),
(6474,64,'KOTA BONTANG','Bontang','BON',1,0,NULL,NULL,NULL,NULL,NULL),
(6501,65,'KAB. BULUNGAN','Tanjung Selor','TJS',1,0,NULL,NULL,NULL,NULL,NULL),
(6502,65,'KAB. MALINAU','Malinau','MLN',1,0,NULL,NULL,NULL,NULL,NULL),
(6503,65,'KAB.NUNUKAN','Nunukan','NNK',1,0,NULL,NULL,NULL,NULL,NULL),
(6504,65,'KAB. TANA TIDUNG','Tideng Pale','TDP',1,0,NULL,NULL,NULL,NULL,NULL),
(6571,65,'KOTA TARAKAN','Tarakan','TAR',1,0,NULL,NULL,NULL,NULL,NULL),
(7101,71,'KAB. BOLAANG MONGONDOW','Lolak','LLK',1,0,NULL,NULL,NULL,NULL,NULL),
(7102,71,'KAB. MINAHASA','Tondano','TNN',1,0,NULL,NULL,NULL,NULL,NULL),
(7103,71,'KAB. KEPULAUAN SANGIHE','Tahuna','THN',1,0,NULL,NULL,NULL,NULL,NULL),
(7104,71,'KAB. KEPULAUAN TALAUD','Melongguane','MGN',1,0,NULL,NULL,NULL,NULL,NULL),
(7105,71,'KAB. MINAHASA SELATAN','Amurang','AMR',1,0,NULL,NULL,NULL,NULL,NULL),
(7106,71,'KAB. MINAHASA UTARA','Air Madidi','ARM',1,0,NULL,NULL,NULL,NULL,NULL),
(7107,71,'KAB. MINAHASA TENGGARA','Ratahan','RTN',1,0,NULL,NULL,NULL,NULL,NULL),
(7108,71,'KAB. BOLAANG MONGONDOW UTARA','Boroko','BRK',1,0,NULL,NULL,NULL,NULL,NULL),
(7109,71,'KAB. KEP. SIAU TAGULANDANG BARAT','Ondong Siau','ODS',1,0,NULL,NULL,NULL,NULL,NULL),
(7110,71,'KAB. BOLAANG MONGONDOW TIMUR','Tutuyan','TTY',1,0,NULL,NULL,NULL,NULL,NULL),
(7111,71,'KAB. BOLAANG MONGONDOW SELATAN','Bolaang Uki','BLU',1,0,NULL,NULL,NULL,NULL,NULL),
(7171,71,'KOTA MANADO','Manado','MND',1,0,NULL,NULL,NULL,NULL,NULL),
(7172,71,'KOTA BITUNG','Bitung','BIT',1,0,NULL,NULL,NULL,NULL,NULL),
(7173,71,'KOTA TOMOHON','Tomohon','TMH',1,0,NULL,NULL,NULL,NULL,NULL),
(7174,71,'KOTA KOTAMOBAGU','Kotamobagu','MGU',1,0,NULL,NULL,NULL,NULL,NULL),
(7201,72,'KAB. BANGGAI','Luwuk','LWK',1,0,NULL,NULL,NULL,NULL,NULL),
(7202,72,'KAB. POSO','Poso','PSO',1,0,NULL,NULL,NULL,NULL,NULL),
(7203,72,'KAB. DONGGALA','Donggala','DGL',1,0,NULL,NULL,NULL,NULL,NULL),
(7204,72,'KAB. TOLI TOLI','Toli Toli','TLI',1,0,NULL,NULL,NULL,NULL,NULL),
(7205,72,'KAB. BUOL','Buol','BUL',1,0,NULL,NULL,NULL,NULL,NULL),
(7206,72,'KAB. MOROWALI','Bungku','BGK',1,0,NULL,NULL,NULL,NULL,NULL),
(7207,72,'KAB. BANGGAI KEPULAUAN','Salakan','SKN',1,0,NULL,NULL,NULL,NULL,NULL),
(7208,72,'KAB. PARIGI MOUTONG','Parigi','PRG',1,0,NULL,NULL,NULL,NULL,NULL),
(7209,72,'KAB. TOJO UNA UNA','Ampana','APN',1,0,NULL,NULL,NULL,NULL,NULL),
(7210,72,'KAB. SIGI','Sigi Biromaru','SGB',1,0,NULL,NULL,NULL,NULL,NULL),
(7211,72,'KAB. BANGGAI LAUT','Banggai','BGG',1,0,NULL,NULL,NULL,NULL,NULL),
(7212,72,'KAB. MOROWALI UTARA','Kolonodale','KOL',1,0,NULL,NULL,NULL,NULL,NULL),
(7271,72,'KOTA PALU','Palu','PAL',1,0,NULL,NULL,NULL,NULL,NULL),
(7301,73,'KAB. KEPULAUAN SELAYAR','Benteng','BEN',1,0,NULL,NULL,NULL,NULL,NULL),
(7302,73,'KAB. BULUKUMBA','Bulukumba','BLK',1,0,NULL,NULL,NULL,NULL,NULL),
(7303,73,'KAB. BANTAENG','Bantaeng','BAN',1,0,NULL,NULL,NULL,NULL,NULL),
(7304,73,'KAB. JENEPONTO','Jeneponto','JNP',1,0,NULL,NULL,NULL,NULL,NULL),
(7305,73,'KAB. TAKALAR','Takalar','TKA',1,0,NULL,NULL,NULL,NULL,NULL),
(7306,73,'KAB. GOWA','Sunggu Minahasa','SGM',1,0,NULL,NULL,NULL,NULL,NULL),
(7307,73,'KAB. SINJAI','Sinjai','SNJ',1,0,NULL,NULL,NULL,NULL,NULL),
(7308,73,'KAB. BONE','Watampone','WTP',1,0,NULL,NULL,NULL,NULL,NULL),
(7309,73,'KAB. MAROS','Maros','MRS',1,0,NULL,NULL,NULL,NULL,NULL),
(7310,73,'KAB. PANGKAJENE KEPULAUAN','Pangkajene','PKJ',1,0,NULL,NULL,NULL,NULL,NULL),
(7311,73,'KAB. BARRU','Barru','BAR',1,0,NULL,NULL,NULL,NULL,NULL),
(7312,73,'KAB. SOPPENG','Watan Soppeng','WNS',1,0,NULL,NULL,NULL,NULL,NULL),
(7313,73,'KAB. WAJO','Sengkang','SKG',1,0,NULL,NULL,NULL,NULL,NULL),
(7314,73,'KAB. SIDENRENG RAPPANG','Sidenreng','SDR',1,0,NULL,NULL,NULL,NULL,NULL),
(7315,73,'KAB. PINRANG','Pinrang','PIN',1,0,NULL,NULL,NULL,NULL,NULL),
(7316,73,'KAB. ENREKANG','Enrekang','ENR',1,0,NULL,NULL,NULL,NULL,NULL),
(7317,73,'KAB. LUWU','Belopa','BLA',1,0,NULL,NULL,NULL,NULL,NULL),
(7318,73,'KAB. TANA TORAJA','Makale','MAK',1,0,NULL,NULL,NULL,NULL,NULL),
(7322,73,'KAB. LUWU UTARA','Masamba','MSB',1,0,NULL,NULL,NULL,NULL,NULL),
(7324,73,'KAB. LUWU TIMUR','Malili','MLL',1,0,NULL,NULL,NULL,NULL,NULL),
(7326,73,'KAB. TORAJA UTARA','Rantepao','RTP',1,0,NULL,NULL,NULL,NULL,NULL),
(7371,73,'KOTA MAKASSAR','Makassar','MKS',1,0,NULL,NULL,NULL,NULL,NULL),
(7372,73,'KOTA PARE PARE','Pare Pare','PRE',1,0,NULL,NULL,NULL,NULL,NULL),
(7373,73,'KOTA PALOPO','Palopo','PLP',1,0,NULL,NULL,NULL,NULL,NULL),
(7401,74,'KAB. KOLAKA','Kolaka','KKA',1,0,NULL,NULL,NULL,NULL,NULL),
(7402,74,'KAB. KONAWE','Unaaha','UNH',1,0,NULL,NULL,NULL,NULL,NULL),
(7403,74,'KAB. MUNA','Raha','RAH',1,0,NULL,NULL,NULL,NULL,NULL),
(7404,74,'KAB. BUTON','Pasar Wajo','PSW',1,0,NULL,NULL,NULL,NULL,NULL),
(7405,74,'KAB. KONAWE SELATAN','Andoolo','ADL',1,0,NULL,NULL,NULL,NULL,NULL),
(7406,74,'KAB. BOMBANA','Rumbia','RMB',1,0,NULL,NULL,NULL,NULL,NULL),
(7407,74,'KAB. WAKATOBI','Wangi Wangi','WGW',1,0,NULL,NULL,NULL,NULL,NULL),
(7408,74,'KAB. KOLAKA UTARA','Lasusua','LSS',1,0,NULL,NULL,NULL,NULL,NULL),
(7409,74,'KAB. KONAWE UTARA','Wanggudu','WGD',1,0,NULL,NULL,NULL,NULL,NULL),
(7410,74,'KAB. BUTON UTARA','Buranga','BNG',1,0,NULL,NULL,NULL,NULL,NULL),
(7411,74,'KAB. KOLAKA TIMUR','Tirawuta','TWT',1,0,NULL,NULL,NULL,NULL,NULL),
(7412,74,'KAB. KONAWE KEPULAUAN','Langara','LGR',1,0,NULL,NULL,NULL,NULL,NULL),
(7413,74,'KAB. MUNA BARAT','Laworo','LWO',1,0,NULL,NULL,NULL,NULL,NULL),
(7414,74,'KAB. BUTON TENGAH','Labungkari','LRI',1,0,NULL,NULL,NULL,NULL,NULL),
(7415,74,'KAB. BUTON SELATAN','Batauga','BTG',1,0,NULL,NULL,NULL,NULL,NULL),
(7471,74,'KOTA KENDARI','Kendari','KDI',1,0,NULL,NULL,NULL,NULL,NULL),
(7472,74,'KOTA BAU BAU','Bau Bau','BAU',1,0,NULL,NULL,NULL,NULL,NULL),
(7501,75,'KAB. GORONTALO','Gorontalo','GTO',1,0,NULL,NULL,NULL,NULL,NULL),
(7502,75,'KAB. BOALEMO','Tilamuta','TMT',1,0,NULL,NULL,NULL,NULL,NULL),
(7503,75,'KAB. BONE BOLANGO','Suwawa','SWW',1,0,NULL,NULL,NULL,NULL,NULL),
(7504,75,'KAB. PAHUWATO','Marisa','MAR',1,0,NULL,NULL,NULL,NULL,NULL),
(7505,75,'KAB. GORONTALO UTARA','Kwandang','KWD',1,0,NULL,NULL,NULL,NULL,NULL),
(7571,75,'KOTA GORONTALO','Gorontalo','GTO',1,0,NULL,NULL,NULL,NULL,NULL),
(7601,76,'KAB. MAMUJU UTARA','Pasangkayu','PKY',1,0,NULL,NULL,NULL,NULL,NULL),
(7602,76,'KAB. MAMUJU','Mamuju','MAM',1,0,NULL,NULL,NULL,NULL,NULL),
(7603,76,'KAB. MAMASA','Mamasa','MMS',1,0,NULL,NULL,NULL,NULL,NULL),
(7604,76,'KAB. POLEWALI MANDAR','Polewali','PLW',1,0,NULL,NULL,NULL,NULL,NULL),
(7605,76,'KAB. MAJENE','Majene','MJN',1,0,NULL,NULL,NULL,NULL,NULL),
(7606,76,'KAB. MAMUJU TENGAH','Tobadak','TAK',1,0,NULL,NULL,NULL,NULL,NULL),
(8101,81,'KAB. MALUKU TENGAH','Masohi','MSH',1,0,NULL,NULL,NULL,NULL,NULL),
(8102,81,'KAB. MALUKU TENGGARA','Kei Kecil','KCL',1,0,NULL,NULL,NULL,NULL,NULL),
(8103,81,'KAB MALUKU TENGGARA BARAT','Saumlaki','SML',1,0,NULL,NULL,NULL,NULL,NULL),
(8104,81,'KAB. BURU','Namlea','NLA',1,0,NULL,NULL,NULL,NULL,NULL),
(8105,81,'KAB. SERAM BAGIAN TIMUR','Dataran Hunimoa','DTH',1,0,NULL,NULL,NULL,NULL,NULL),
(8106,81,'KAB. SERAM BAGIAN BARAT','Dataran Hunipopu','DRH',1,0,NULL,NULL,NULL,NULL,NULL),
(8107,81,'KAB. KEPULAUAN ARU','Dobo','DOB',1,0,NULL,NULL,NULL,NULL,NULL),
(8108,81,'KAB. MALUKU BARAT DAYA','Tiakur','TKR',1,0,NULL,NULL,NULL,NULL,NULL),
(8109,81,'KAB. BURU SELATAN','Namrole','NMR',1,0,NULL,NULL,NULL,NULL,NULL),
(8171,81,'KOTA AMBON','Ambon','AMB',1,0,NULL,NULL,NULL,NULL,NULL),
(8172,81,'KOTA TUAL','Tual','TUL',1,0,NULL,NULL,NULL,NULL,NULL),
(8201,82,'KAB. HALMAHERA BARAT','Ternate','TTE',1,0,NULL,NULL,NULL,NULL,NULL),
(8202,82,'KAB. HALMAHERA TENGAH','Weda','WED',1,0,NULL,NULL,NULL,NULL,NULL),
(8203,82,'KAB. HALMAHERA UTARA','Tobelo','TOB',1,0,NULL,NULL,NULL,NULL,NULL),
(8204,82,'KAB. HALMAHERA SELATAN','Labuha','LBA',1,0,NULL,NULL,NULL,NULL,NULL),
(8205,82,'KAB. KEPULAUAN SULA','Sanana','SNN',1,0,NULL,NULL,NULL,NULL,NULL),
(8206,82,'KAB. HALMAHERA TIMUR','Maba','MAB',1,0,NULL,NULL,NULL,NULL,NULL),
(8207,82,'KAB. PULAU MOROTAI','Morotai Selatan','MTS',1,0,NULL,NULL,NULL,NULL,NULL),
(8208,82,'KAB. PULAU TALIABU','Bobong','BBG',1,0,NULL,NULL,NULL,NULL,NULL),
(8271,82,'KOTA TERNATE','Ternate','TTE',1,0,NULL,NULL,NULL,NULL,NULL),
(8272,82,'KOTA TIDORE KEPULAUAN','Tidore Kepula','TDR',1,0,NULL,NULL,NULL,NULL,NULL),
(9101,91,'KAB. MERAUKE','Merauke','MRK',1,0,NULL,NULL,NULL,NULL,NULL),
(9102,91,'KAB. JAYAWIJAYA','Wamena','WAM',1,0,NULL,NULL,NULL,NULL,NULL),
(9103,91,'KAB. JAYAPURA','Jayapura','JAP',1,0,NULL,NULL,NULL,NULL,NULL),
(9104,91,'KAB. NABIRE','Nabire','NAB',1,0,NULL,NULL,NULL,NULL,NULL),
(9105,91,'KAB. KEPULAUAN YAPEN','Serui','SRU',1,0,NULL,NULL,NULL,NULL,NULL),
(9106,91,'KAB. BIAK NUMFOR','Biak','BIK',1,0,NULL,NULL,NULL,NULL,NULL),
(9107,91,'KAB. PUNCAK JAYA','Mulia','MUL',1,0,NULL,NULL,NULL,NULL,NULL),
(9108,91,'KAB. PANIAI','Enarotali','ERT',1,0,NULL,NULL,NULL,NULL,NULL),
(9109,91,'KAB. MIMIKA','Timika','TIM',1,0,NULL,NULL,NULL,NULL,NULL),
(9110,91,'KAB. SARMI','Sarmi','SMI',1,0,NULL,NULL,NULL,NULL,NULL),
(9111,91,'KAB. KEEROM','Waris','WRS',1,0,NULL,NULL,NULL,NULL,NULL),
(9112,91,'KAB PEGUNUNGAN BINTANG','Oksibil','OSB',1,0,NULL,NULL,NULL,NULL,NULL),
(9113,91,'KAB. YAHUKIMO','Sumohai','SMH',1,0,NULL,NULL,NULL,NULL,NULL),
(9114,91,'KAB. TOLIKARA','Karubaga','KBG',1,0,NULL,NULL,NULL,NULL,NULL),
(9115,91,'KAB. WAROPEN','Botawa','BTW',1,0,NULL,NULL,NULL,NULL,NULL),
(9116,91,'KAB. BOVEN DIGOEL','Tanah Merah','TMR',1,0,NULL,NULL,NULL,NULL,NULL),
(9117,91,'KAB. MAPPI','Kepi','KEP',1,0,NULL,NULL,NULL,NULL,NULL),
(9118,91,'KAB. ASMAT','Agats','AGT',1,0,NULL,NULL,NULL,NULL,NULL),
(9119,91,'KAB. SUPIORI','Sorendiweri','SRW',1,0,NULL,NULL,NULL,NULL,NULL),
(9120,91,'KAB. MAMBERAMO RAYA','Burmeso','BRM',1,0,NULL,NULL,NULL,NULL,NULL),
(9121,91,'KAB. MAMBERAMO TENGAH','Kobakma','KBK',1,0,NULL,NULL,NULL,NULL,NULL),
(9122,91,'KAB. YALIMO','Elelim','ELL',1,0,NULL,NULL,NULL,NULL,NULL),
(9123,91,'KAB. LANNY JAYA','Tiom','TOM',1,0,NULL,NULL,NULL,NULL,NULL),
(9124,91,'KAB. NDUGA','Kenyam','KYM',1,0,NULL,NULL,NULL,NULL,NULL),
(9125,91,'KAB. PUNCAK','Ilaga','ILG',1,0,NULL,NULL,NULL,NULL,NULL),
(9126,91,'KAB. DOGIYAI','Kigamani','KGM',1,0,NULL,NULL,NULL,NULL,NULL),
(9127,91,'KAB. INTAN JAYA','Sugapa','SGP',1,0,NULL,NULL,NULL,NULL,NULL),
(9128,91,'KAB. DEIYAI','Tigi','TIG',1,0,NULL,NULL,NULL,NULL,NULL),
(9171,91,'KOTA JAYAPURA','Jayapura','JAP',1,0,NULL,NULL,NULL,NULL,NULL),
(9201,92,'KAB. SORONG','Sorong','SON',1,0,NULL,NULL,NULL,NULL,NULL),
(9202,92,'KAB. MANOKWARI','Manokwari','MNK',1,0,NULL,NULL,NULL,NULL,NULL),
(9203,92,'KAB. FAK FAK','Fak Fak','FFK',1,0,NULL,NULL,NULL,NULL,NULL),
(9204,92,'KAB. SORONG SELATAN','Teminabuan','TMB',1,0,NULL,NULL,NULL,NULL,NULL),
(9205,92,'KAB. RAJA AMPAT','Waisai','WAS',1,0,NULL,NULL,NULL,NULL,NULL),
(9206,92,'KAB. TELUK BINTUNI','Bintuni','BTI',1,0,NULL,NULL,NULL,NULL,NULL),
(9207,92,'KAB. TELUK WONDAMA','Rasiei','RAS',1,0,NULL,NULL,NULL,NULL,NULL),
(9208,92,'KAB. KAIMANA','Kaimana','KMN',1,0,NULL,NULL,NULL,NULL,NULL),
(9209,92,'KAB. TAMBRAUW','Fef','FEF',1,0,NULL,NULL,NULL,NULL,NULL),
(9210,92,'KAB. MAYBRAT','Kumurkek','KMR',1,0,NULL,NULL,NULL,NULL,NULL),
(9211,92,'KAB. MANOKWARI SELATAN','Ransiki','RSK',1,0,NULL,NULL,NULL,NULL,NULL),
(9212,92,'KAB. PEGUNUNGAN ARFAK','Anggi','AGI',1,0,NULL,NULL,NULL,NULL,NULL),
(9271,92,'KOTA SORONG','Sorong','SON',1,0,NULL,NULL,NULL,NULL,NULL),
(9501,95,'LUAR NEGERI','LUAR NEGERI','TAS',1,0,NULL,NULL,NULL,NULL,NULL),
(9502,71,'KABUPATEN KEPULAUAN SITARO','Ondong','ODS',1,0,NULL,NULL,NULL,NULL,NULL),
(9503,71,'BOLMONG UTARA','Boroko','BRK',1,0,NULL,NULL,NULL,NULL,NULL),
(9504,16,'KAB. OGAN KOMERING ULU TIMUR','Martapura','MPR',1,0,NULL,NULL,NULL,NULL,NULL),
(9505,16,'KAB. OGAN KOMERING ULU SELATAN','Baturaja','BTA',1,0,NULL,NULL,NULL,NULL,NULL),
(9506,71,'KAB. BOLMONG UTARA','Lolak','LLK',1,0,NULL,NULL,NULL,NULL,NULL),
(9507,75,'KAB.POHUWATU','Marisa','MAR',1,0,NULL,NULL,NULL,NULL,NULL),
(9999,99,'Luar Negeri','Luar Negeri','LUN',1,0,NULL,NULL,NULL,NULL,NULL);

/*Table structure for table `ms_provinsi` */

DROP TABLE IF EXISTS `ms_provinsi`;

CREATE TABLE `ms_provinsi` (
  `id` int(11) NOT NULL,
  `nama` varchar(100) NOT NULL,
  `nama_singkat` varchar(100) NOT NULL,
  `ibu_kota_propinsi` varchar(100) NOT NULL,
  `is_active` int(11) NOT NULL,
  `created_by` int(11) NOT NULL,
  `updated_by` int(11) DEFAULT NULL,
  `deleted_by` int(11) DEFAULT NULL,
  `created_at` timestamp NULL DEFAULT NULL,
  `updated_at` timestamp NULL DEFAULT NULL,
  `deleted_at` timestamp NULL DEFAULT NULL,
  PRIMARY KEY (`id`)
) ENGINE=InnoDB DEFAULT CHARSET=latin1;

/*Data for the table `ms_provinsi` */

insert  into `ms_provinsi`(`id`,`nama`,`nama_singkat`,`ibu_kota_propinsi`,`is_active`,`created_by`,`updated_by`,`deleted_by`,`created_at`,`updated_at`,`deleted_at`) values 
(11,'ACEH','Aceh','Banda Aceh',1,0,NULL,NULL,NULL,NULL,NULL),
(12,'SUMATERA UTARA','Sumut','Medan',1,0,NULL,NULL,NULL,NULL,NULL),
(13,'SUMATERA BARAT','Sumbar','Padang',1,0,NULL,NULL,NULL,NULL,NULL),
(14,'RIAU','Riau','Pekanbaru',1,0,NULL,NULL,NULL,NULL,NULL),
(15,'JAMBI','Jambi','Jambi',1,0,NULL,NULL,NULL,NULL,NULL),
(16,'SUMATERA SELATAN','Sumsel','Palembang',1,0,NULL,NULL,NULL,NULL,NULL),
(17,'BENGKULU','Bengkulu','Bengkulu',1,0,NULL,NULL,NULL,NULL,NULL),
(18,'LAMPUNG','Lampung','Bandar Lampung',1,0,NULL,NULL,NULL,NULL,NULL),
(19,'KEP. BANGKA BELITUNG','Babel','Pangkal Pinang',1,0,NULL,NULL,NULL,NULL,NULL),
(21,'KEPULAUAN RIAU','Kepri','Tanjung Pinang',1,0,NULL,NULL,NULL,NULL,NULL),
(31,'DKI JAKARTA','DKI','Jakarta',1,0,NULL,NULL,NULL,NULL,NULL),
(32,'JAWA BARAT','Jabar','Bandung',1,0,NULL,NULL,NULL,NULL,NULL),
(33,'JAWA TENGAH','Jateng','Semarang',1,0,NULL,NULL,NULL,NULL,NULL),
(34,'DAISTA YOGYAKARTA','DIY','Yogyakarta',1,0,NULL,NULL,NULL,NULL,NULL),
(35,'JAWA TIMUR','Jatim','Surabaya',1,0,NULL,NULL,NULL,NULL,NULL),
(36,'BANTEN','Banten','Serang',1,0,NULL,NULL,NULL,NULL,NULL),
(51,'BALI','Bali','Denpasar',1,0,NULL,NULL,NULL,NULL,NULL),
(52,'NUSA TENGGARA BARAT','NTB','Mataram',1,0,NULL,NULL,NULL,NULL,NULL),
(53,'NUSA TENGGARA TIMUR','NTT','Kupang',1,0,NULL,NULL,NULL,NULL,NULL),
(61,'KALIMANTAN BARAT','Kalbar','Pontianak',1,0,NULL,NULL,NULL,NULL,NULL),
(62,'KALIMANTAN TENGAH','Kalteng','Palangkaraya',1,0,NULL,NULL,NULL,NULL,NULL),
(63,'KALIMANTAN SELATAN','Kalsel','Banjarmasin',1,0,NULL,NULL,NULL,NULL,NULL),
(64,'KALIMANTAN TIMUR','Kaltim','Samarinda',1,0,NULL,NULL,NULL,NULL,NULL),
(65,'KALIMANTAN UTARA','Kaltara','Tanjung Selor',1,0,NULL,NULL,NULL,NULL,NULL),
(71,'SULAWESI UTARA','Sulut','Manado',1,0,NULL,NULL,NULL,NULL,NULL),
(72,'SULAWESI TENGAH','Sulteng','Palu',1,0,NULL,NULL,NULL,NULL,NULL),
(73,'SULAWESI SELATAN','Sulsel','Makassar',1,0,NULL,NULL,NULL,NULL,NULL),
(74,'SULAWESI TENGGARA','Sultra','Kendari',1,0,NULL,NULL,NULL,NULL,NULL),
(75,'GORONTALO','Gorontalo','Gorontalo',1,0,NULL,NULL,NULL,NULL,NULL),
(76,'SULAWESI BARAT','Sulbar','Mamuju',1,0,NULL,NULL,NULL,NULL,NULL),
(81,'MALUKU','Maluku','Ambon',1,0,NULL,NULL,NULL,NULL,NULL),
(82,'MALUKU UTARA','Malut','Ternate',1,0,NULL,NULL,NULL,NULL,NULL),
(91,'PAPUA','Papua','Jayapura',1,0,NULL,NULL,NULL,NULL,NULL),
(92,'PAPUA BARAT','Irjabar','Manokwari',1,0,NULL,NULL,NULL,NULL,NULL),
(99,'LUAR NEGERI','Luar Neger','Luar Negeri',1,0,NULL,NULL,NULL,NULL,NULL);

/*Table structure for table `password_resets` */

DROP TABLE IF EXISTS `password_resets`;

CREATE TABLE `password_resets` (
  `email` varchar(191) COLLATE utf8mb4_unicode_ci NOT NULL,
  `token` varchar(191) COLLATE utf8mb4_unicode_ci NOT NULL,
  `created_at` timestamp NULL DEFAULT NULL,
  KEY `password_resets_email_index` (`email`)
) ENGINE=InnoDB DEFAULT CHARSET=utf8mb4 COLLATE=utf8mb4_unicode_ci;

/*Data for the table `password_resets` */

/*Table structure for table `personal_access_tokens` */

DROP TABLE IF EXISTS `personal_access_tokens`;

CREATE TABLE `personal_access_tokens` (
  `id` bigint(20) unsigned NOT NULL AUTO_INCREMENT,
  `tokenable_type` varchar(191) COLLATE utf8mb4_unicode_ci NOT NULL,
  `tokenable_id` bigint(20) unsigned NOT NULL,
  `name` varchar(191) COLLATE utf8mb4_unicode_ci NOT NULL,
  `token` varchar(64) COLLATE utf8mb4_unicode_ci NOT NULL,
  `abilities` text COLLATE utf8mb4_unicode_ci,
  `last_used_at` timestamp NULL DEFAULT NULL,
  `created_at` timestamp NULL DEFAULT NULL,
  `updated_at` timestamp NULL DEFAULT NULL,
  PRIMARY KEY (`id`),
  UNIQUE KEY `personal_access_tokens_token_unique` (`token`),
  KEY `personal_access_tokens_tokenable_type_tokenable_id_index` (`tokenable_type`,`tokenable_id`)
) ENGINE=InnoDB DEFAULT CHARSET=utf8mb4 COLLATE=utf8mb4_unicode_ci;

/*Data for the table `personal_access_tokens` */

/*Table structure for table `sessions` */

DROP TABLE IF EXISTS `sessions`;

CREATE TABLE `sessions` (
  `id` varchar(191) COLLATE utf8mb4_unicode_ci NOT NULL,
  `user_id` bigint(20) unsigned DEFAULT NULL,
  `ip_address` varchar(45) COLLATE utf8mb4_unicode_ci DEFAULT NULL,
  `user_agent` text COLLATE utf8mb4_unicode_ci,
  `payload` text COLLATE utf8mb4_unicode_ci NOT NULL,
  `last_activity` int(11) NOT NULL,
  PRIMARY KEY (`id`),
  KEY `sessions_user_id_index` (`user_id`),
  KEY `sessions_last_activity_index` (`last_activity`)
) ENGINE=InnoDB DEFAULT CHARSET=utf8mb4 COLLATE=utf8mb4_unicode_ci;

/*Data for the table `sessions` */

insert  into `sessions`(`id`,`user_id`,`ip_address`,`user_agent`,`payload`,`last_activity`) values 
('ji2YYdvnbmaLLUMynFv2NjK1zH1TMC0FH0jQIrpg',NULL,'127.0.0.1','Mozilla/5.0 (Windows NT 6.1) AppleWebKit/537.36 (KHTML, like Gecko) Chrome/87.0.4280.88 Safari/537.36','YTozOntzOjY6Il90b2tlbiI7czo0MDoiSkEwN3k5Tk1HUkNhaU0zbVY1VWJqeFo4c0dBckF5ampqSU5oNmdQVCI7czo2OiJfZmxhc2giO2E6Mjp7czozOiJvbGQiO2E6MDp7fXM6MzoibmV3IjthOjA6e319czo5OiJfcHJldmlvdXMiO2E6MTp7czozOiJ1cmwiO3M6MjE6Imh0dHA6Ly8xMjcuMC4wLjE6ODAwMCI7fX0=',1609295484),
('v2c9ZOBv9pr55dPiiJAhjL2mfebp1QypeKFenpeF',1,'127.0.0.1','Mozilla/5.0 (Windows NT 6.1) AppleWebKit/537.36 (KHTML, like Gecko) Chrome/87.0.4280.88 Safari/537.36','YTo3OntzOjY6Il90b2tlbiI7czo0MDoiM1hLTWRua2hGaHZ6Q2ZvcEU1bHhtVVFpbzdZZ1dpdktranZPMlpWbiI7czozOiJ1cmwiO2E6MDp7fXM6OToiX3ByZXZpb3VzIjthOjE6e3M6MzoidXJsIjtzOjI2OiJodHRwOi8vMTI3LjAuMC4xOjgwMDAvY3J1ZCI7fXM6NjoiX2ZsYXNoIjthOjI6e3M6Mzoib2xkIjthOjA6e31zOjM6Im5ldyI7YTowOnt9fXM6NTA6ImxvZ2luX3dlYl81OWJhMzZhZGRjMmIyZjk0MDE1ODBmMDE0YzdmNThlYTRlMzA5ODlkIjtpOjE7czoxNzoicGFzc3dvcmRfaGFzaF93ZWIiO3M6NjA6IiQyeSQxMCR1b2g2WHBUUlBoM2VnUDFpOFR4dUx1L3JweVhYSUg3Rko5NlU4MWVMaklUNWFXcEdtalB4bSI7czoyMToicGFzc3dvcmRfaGFzaF9zYW5jdHVtIjtzOjYwOiIkMnkkMTAkdW9oNlhwVFJQaDNlZ1AxaThUeHVMdS9ycHlYWElIN0ZKOTZVODFlTGpJVDVhV3BHbWpQeG0iO30=',1609262415);

/*Table structure for table `users` */

DROP TABLE IF EXISTS `users`;

CREATE TABLE `users` (
  `id` bigint(20) unsigned NOT NULL AUTO_INCREMENT,
  `name` varchar(191) COLLATE utf8mb4_unicode_ci NOT NULL,
  `email` varchar(191) COLLATE utf8mb4_unicode_ci NOT NULL,
  `email_verified_at` timestamp NULL DEFAULT NULL,
  `password` varchar(191) COLLATE utf8mb4_unicode_ci NOT NULL,
  `two_factor_secret` text COLLATE utf8mb4_unicode_ci,
  `two_factor_recovery_codes` text COLLATE utf8mb4_unicode_ci,
  `remember_token` varchar(100) COLLATE utf8mb4_unicode_ci DEFAULT NULL,
  `created_at` timestamp NULL DEFAULT NULL,
  `updated_at` timestamp NULL DEFAULT NULL,
  PRIMARY KEY (`id`),
  UNIQUE KEY `users_email_unique` (`email`)
) ENGINE=InnoDB AUTO_INCREMENT=4 DEFAULT CHARSET=utf8mb4 COLLATE=utf8mb4_unicode_ci;

/*Data for the table `users` */

insert  into `users`(`id`,`name`,`email`,`email_verified_at`,`password`,`two_factor_secret`,`two_factor_recovery_codes`,`remember_token`,`created_at`,`updated_at`) values 
(2,'admin','admin@gmail.com',NULL,'$2y$10$7bhasUG/BKdObjE9BhfeJe1tNVjyFbc8yOemac7Mqov1AVj.Spw2u',NULL,NULL,NULL,'2020-12-30 01:36:19','2020-12-30 01:36:19'),
(3,'employee','employee@gmail.com',NULL,'$2y$10$lfoVSToLrt0.AlcAniZDg.RTG/52Hy8PrlOOu1IAPTeKZQ7JDDJmS',NULL,NULL,NULL,'2020-12-30 01:37:05','2020-12-30 01:37:05');

/*!40101 SET SQL_MODE=@OLD_SQL_MODE */;
/*!40014 SET FOREIGN_KEY_CHECKS=@OLD_FOREIGN_KEY_CHECKS */;
/*!40014 SET UNIQUE_CHECKS=@OLD_UNIQUE_CHECKS */;
/*!40111 SET SQL_NOTES=@OLD_SQL_NOTES */;
